{
  "project_info": {
    "project_number": "397814619433",
    "project_id": "ab-company-e19d6",
    "storage_bucket": "ab-company-e19d6.appspot.com"
  },
  "client": [
    {
      "client_info": {
        "mobilesdk_app_id": "1:397814619433:android:c6dce4019d56faf3d1eb38",
        "android_client_info": {
          "package_name": "com.newtonapps.abcompany"
        }
      },
      "oauth_client": [],
      "api_key": [
        {
          "current_key": "AIzaSyAkL1mh7FAEgAb-5DgcwnrRedxy0TvNk9I"
        }
      ],
      "services": {
        "appinvite_service": {
          "other_platform_oauth_client": []
        }
      }
    }
  ],
  "configuration_version": "1"
}